{"cameraMode":{"drawMode":0,"name":"Shaded","section":"Shading Mode"},"sceneLighting":true,"audioPlay":false,"sceneViewState":{"showFog":true,"showMaterialUpdate":false,"showSkybox":true,"showFlares":false,"showImageEffects":false,"showParticleSystems":false},"in2DMode":false,"pivot":{"x":597.4041137695313,"y":298.29608154296877,"z":21.3272705078125},"rotation":{"x":-0.04079821705818176,"y":-0.000902431842405349,"z":0.00003748151721083559,"w":-0.9991687536239624},"size":801.603515625,"orthographic":false}